year,msa,n_divisions,tot_emp,a_mean
2015,0031080,2,18520.0,25612.8
2015,0016980,4,12390.0,23480.5
2015,0019100,2,15810.0,20633.3
2015,0019820,2,7640.0,22674.6
2015,0033100,3,11530.0,21323.9
2015,0035620,4,43470.0,26795.9
2015,0037980,4,13830.0,22344.9
2015,0041860,3,7750.0,28726.7
2015,0042660,2,4590.0,26181.4
2015,0047900,2,11950.0,25840.1
2015,0071650,10,9660.0,26460.6
2016,0031080,2,20350.0,26489.2
2016,0016980,4,13380.0,23913.8
2016,0019100,2,16130.0,21171.0
2016,0019820,2,7050.0,23030.4
2016,0033100,3,12370.0,21796.0
2016,0035620,4,37190.0,27941.4
2016,0037980,4,13840.0,22732.5
2016,0041860,3,7460.0,30667.7
2016,0042660,2,4950.0,26581.6
2016,0047900,2,11960.0,27487.2
2016,0071650,10,10090.0,27704.4
2017,0031080,2,19950.0,27585.8
2017,0016980,4,13120.0,23675.5
2017,0019100,2,14070.0,21734.9
2017,0019820,2,6710.0,23310.5
2017,0033100,3,12110.0,22410.7
2017,0035620,4,39440.0,28252.3
2017,0037980,4,14090.0,23132.5
2017,0041860,3,6930.0,30763.5
2017,0042660,2,5650.0,28881.9
2017,0047900,2,12340.0,28853.3
2017,0071650,10,10740.0,29038.0
