year,oews_area,area_title,n_counties
2015,0016980,"Chicago-Naperville-Elgin, IL-IN-WI",14
2015,0019100,"Dallas-Fort Worth-Arlington, TX",13
2015,0019180,"Danville, IL",1
2015,0019820,"Detroit-Warren-Dearborn, MI",6
2015,0020940,"El Centro, CA",1
2015,0024420,"Grants Pass, OR",1
2015,0025020,"Guayama, PR",3
2015,0031080,"Los Angeles-Long Beach-Anaheim, CA",2
2015,0033100,"Miami-Fort Lauderdale-West Palm Beach, FL",4
2015,0034100,"Morristown, TN",2
2015,0035620,"New York-Newark-Jersey City, NY-NJ-PA",25
2015,0037980,"Philadelphia-Camden-Wilmington, PA-NJ-DE-MD",11
2015,0041860,"San Francisco-Oakland-Hayward, CA",5
2015,0042660,"Seattle-Tacoma-Bellevue, WA",3
2015,0047900,"Washington-Arlington-Alexandria, DC-VA-MD-WV",24
2015,0048300,"Wenatchee, WA",2
2015,0071650,"Boston-Cambridge-Nashua, MA-NH",8
2015,0600002,Eastern Sierra Region of California nonmetropolitan area,3
2015,2200001,Washington Parish Louisiana nonmetropolitan area,1
2015,2400002,"Garrett County, Maryland nonmetropolitan area",1
2015,2500001,Nantucket Island and Martha's Vineyard nonmetropolitan area,2
2015,3500004,"Los Alamos County, New Mexico nonmetropolitan area",1
2015,5300003,Central Washington nonmetropolitan area,3
2015,7200001,West Puerto Rico nonmetropolitan area,7
2015,7200002,East Puerto Rico nonmetropolitan area,5
2016,0016980,"Chicago-Naperville-Elgin, IL-IN-WI",14
2016,0019100,"Dallas-Fort Worth-Arlington, TX",13
2016,0019820,"Detroit-Warren-Dearborn, MI",6
2016,0021300,"Elmira, NY",1
2016,0025020,"Guayama, PR",3
2016,0029100,"La Crosse-Onalaska, WI-MN",2
2016,0029200,"Lafayette-West Lafayette, IN",3
2016,0031080,"Los Angeles-Long Beach-Anaheim, CA",2
2016,0033100,"Miami-Fort Lauderdale-West Palm Beach, FL",4
2016,0034100,"Morristown, TN",2
2016,0035620,"New York-Newark-Jersey City, NY-NJ-PA",25
2016,0037980,"Philadelphia-Camden-Wilmington, PA-NJ-DE-MD",11
2016,0041860,"San Francisco-Oakland-Hayward, CA",5
2016,0042660,"Seattle-Tacoma-Bellevue, WA",3
2016,0047900,"Washington-Arlington-Alexandria, DC-VA-MD-WV",24
2016,0048300,"Wenatchee, WA",2
2016,0071650,"Boston-Cambridge-Nashua, MA-NH",8
2016,0600002,Eastern Sierra Region of California nonmetropolitan area,3
2016,2400002,"Garrett County, Maryland nonmetropolitan area",1
2016,2500001,Nantucket Island and Martha's Vineyard nonmetropolitan area,2
2016,3500003,Southwestern New Mexico nonmetropolitan area,6
2016,3500004,"Los Alamos County, New Mexico nonmetropolitan area",1
2016,4900003,Southwest Utah nonmetropolitan area,4
2016,7200001,West Puerto Rico nonmetropolitan area,7
2016,7200002,East Puerto Rico nonmetropolitan area,5
2017,0016980,"Chicago-Naperville-Elgin, IL-IN-WI",14
2017,0018020,"Columbus, IN",1
2017,0019100,"Dallas-Fort Worth-Arlington, TX",13
2017,0019820,"Detroit-Warren-Dearborn, MI",6
2017,0025020,"Guayama, PR",3
2017,0030300,"Lewiston, ID-WA",2
2017,0031080,"Los Angeles-Long Beach-Anaheim, CA",2
2017,0033100,"Miami-Fort Lauderdale-West Palm Beach, FL",4
2017,0034100,"Morristown, TN",2
2017,0035620,"New York-Newark-Jersey City, NY-NJ-PA",25
2017,0037980,"Philadelphia-Camden-Wilmington, PA-NJ-DE-MD",11
2017,0041860,"San Francisco-Oakland-Hayward, CA",5
2017,0042660,"Seattle-Tacoma-Bellevue, WA",3
2017,0047900,"Washington-Arlington-Alexandria, DC-VA-MD-WV",24
2017,0048300,"Wenatchee, WA",2
2017,0071650,"Boston-Cambridge-Nashua, MA-NH",8
2017,0600002,Eastern Sierra Region of California nonmetropolitan area,3
2017,2200001,"Washington Parish, Louisiana nonmetropolitan area",1
2017,2400002,"Garrett County, Maryland nonmetropolitan area",1
2017,2500001,Nantucket Island and Martha's Vineyard nonmetropolitan area,2
2017,3500004,"Los Alamos County, New Mexico nonmetropolitan area",1
2017,7200001,West Puerto Rico nonmetropolitan area,7
2018,0018020,"Columbus, IN",1
2018,0025020,"Guayama, PR",3
2018,0036780,"Oshkosh-Neenah, WI",1
2018,7200006,Puerto Rico nonmetropolitan area,12
2019,0013020,"Bay City, MI",1
2019,0025020,"Guayama, PR",3
2019,0031020,"Longview, WA",1
2019,0033140,"Michigan City-La Porte, IN",1
2019,5500001,Northwestern Wisconsin nonmetropolitan area,9
2019,7200006,Puerto Rico nonmetropolitan area,12
2020,0011640,"Arecibo, PR",4
2020,0013020,"Bay City, MI",1
2020,0019180,"Danville, IL",1
2020,0022540,"Fond du Lac, WI",1
2020,0023460,"Gadsden, AL",1
2020,0025020,"Guayama, PR",3
2020,0026140,"Homosassa Springs, FL",1
2020,0028100,"Kankakee, IL",1
2020,0031020,"Longview, WA",1
2020,0031460,"Madera, CA",1
2020,0036780,"Oshkosh-Neenah, WI",1
2020,0048300,"Wenatchee, WA",2
2020,7200006,Puerto Rico nonmetropolitan area,12
2021,0019180,"Danville, IL",1
2021,0023460,"Gadsden, AL",1
2021,0025020,"Guayama, PR",3
2021,0025980,"Hinesville, GA",2
2021,0026140,"Homosassa Springs, FL",1
2021,0032420,"Mayaguez, PR",2
2021,0038220,"Pine Bluff, AR",3
2021,7200006,Puerto Rico nonmetropolitan area,12
2022,0011640,"Arecibo, PR",4
2022,0014740,"Bremerton-Silverdale, WA",1
2022,0018020,"Columbus, IN",1
2022,0022540,"Fond du Lac, WI",1
2022,0023460,"Gadsden, AL",1
2022,0025020,"Guayama, PR",3
2022,0026140,"Homosassa Springs, FL",1
2022,0027500,"Janesville-Beloit, WI",1
2022,0031460,"Madera, CA",1
2022,0032420,"Mayaguez, PR",2
2022,0038220,"Pine Bluff, AR",3
2022,0049740,"Yuma, AZ",1
2022,7200006,Puerto Rico nonmetropolitan area,12
