year,county_fips,name,oews_area,area_title
2015,06025,"Imperial County, California",0020940,"El Centro, CA"
2015,13115,"Floyd County, Georgia",0040660,"Rome, GA"
2015,17183,"Vermilion County, Illinois",0019180,"Danville, IL"
2015,41033,"Josephine County, Oregon",0024420,"Grants Pass, OR"
2015,47063,"Hamblen County, Tennessee",0034100,"Morristown, TN"
2015,47089,"Jefferson County, Tennessee",0034100,"Morristown, TN"
2015,53007,"Chelan County, Washington",0048300,"Wenatchee, WA"
2015,53017,"Douglas County, Washington",0048300,"Wenatchee, WA"
2015,72015,"Arroyo Municipio, Puerto Rico",0025020,"Guayama, PR"
2015,72057,"Guayama Municipio, Puerto Rico",0025020,"Guayama, PR"
2015,72109,"Patillas Municipio, Puerto Rico",0025020,"Guayama, PR"
2016,18005,"Bartholomew County, Indiana",0018020,"Columbus, IN"
2016,18007,"Benton County, Indiana",0029200,"Lafayette-West Lafayette, IN"
2016,18015,"Carroll County, Indiana",0029200,"Lafayette-West Lafayette, IN"
2016,18157,"Tippecanoe County, Indiana",0029200,"Lafayette-West Lafayette, IN"
2016,27055,"Houston County, Minnesota",0029100,"La Crosse-Onalaska, WI-MN"
2016,36015,"Chemung County, New York",0021300,"Elmira, NY"
2016,47063,"Hamblen County, Tennessee",0034100,"Morristown, TN"
2016,47089,"Jefferson County, Tennessee",0034100,"Morristown, TN"
2016,53007,"Chelan County, Washington",0048300,"Wenatchee, WA"
2016,53017,"Douglas County, Washington",0048300,"Wenatchee, WA"
2016,55063,"La Crosse County, Wisconsin",0029100,"La Crosse-Onalaska, WI-MN"
2016,72015,"Arroyo Municipio, Puerto Rico",0025020,"Guayama, PR"
2016,72057,"Guayama Municipio, Puerto Rico",0025020,"Guayama, PR"
2016,72109,"Patillas Municipio, Puerto Rico",0025020,"Guayama, PR"
2017,16069,"Nez Perce County, Idaho",0030300,"Lewiston, ID-WA"
2017,18005,"Bartholomew County, Indiana",0018020,"Columbus, IN"
2017,47063,"Hamblen County, Tennessee",0034100,"Morristown, TN"
2017,47089,"Jefferson County, Tennessee",0034100,"Morristown, TN"
2017,53003,"Asotin County, Washington",0030300,"Lewiston, ID-WA"
2017,53007,"Chelan County, Washington",0048300,"Wenatchee, WA"
2017,53017,"Douglas County, Washington",0048300,"Wenatchee, WA"
2017,72015,"Arroyo Municipio, Puerto Rico",0025020,"Guayama, PR"
2017,72057,"Guayama Municipio, Puerto Rico",0025020,"Guayama, PR"
2017,72109,"Patillas Municipio, Puerto Rico",0025020,"Guayama, PR"
2018,18005,"Bartholomew County, Indiana",0018020,"Columbus, IN"
2018,55139,"Winnebago County, Wisconsin",0036780,"Oshkosh-Neenah, WI"
2018,72015,"Arroyo Municipio, Puerto Rico",0025020,"Guayama, PR"
2018,72057,"Guayama Municipio, Puerto Rico",0025020,"Guayama, PR"
2018,72109,"Patillas Municipio, Puerto Rico",0025020,"Guayama, PR"
2019,18091,"LaPorte County, Indiana",0033140,"Michigan City-La Porte, IN"
2019,26017,"Bay County, Michigan",0013020,"Bay City, MI"
2019,53015,"Cowlitz County, Washington",0031020,"Longview, WA"
2019,72015,"Arroyo Municipio, Puerto Rico",0025020,"Guayama, PR"
2019,72057,"Guayama Municipio, Puerto Rico",0025020,"Guayama, PR"
2019,72109,"Patillas Municipio, Puerto Rico",0025020,"Guayama, PR"
2020,01055,"Etowah County, Alabama",0023460,"Gadsden, AL"
2020,06039,"Madera County, California",0031460,"Madera, CA"
2020,12017,"Citrus County, Florida",0026140,"Homosassa Springs, FL"
2020,17091,"Kankakee County, Illinois",0028100,"Kankakee, IL"
2020,17183,"Vermilion County, Illinois",0019180,"Danville, IL"
2020,26017,"Bay County, Michigan",0013020,"Bay City, MI"
2020,27055,"Houston County, Minnesota",0029100,"La Crosse-Onalaska, WI-MN"
2020,53007,"Chelan County, Washington",0048300,"Wenatchee, WA"
2020,53015,"Cowlitz County, Washington",0031020,"Longview, WA"
2020,53017,"Douglas County, Washington",0048300,"Wenatchee, WA"
2020,55039,"Fond du Lac County, Wisconsin",0022540,"Fond du Lac, WI"
2020,55063,"La Crosse County, Wisconsin",0029100,"La Crosse-Onalaska, WI-MN"
2020,55139,"Winnebago County, Wisconsin",0036780,"Oshkosh-Neenah, WI"
2020,72013,"Arecibo Municipio, Puerto Rico",0011640,"Arecibo, PR"
2020,72015,"Arroyo Municipio, Puerto Rico",0025020,"Guayama, PR"
2020,72027,"Camuy Municipio, Puerto Rico",0011640,"Arecibo, PR"
2020,72057,"Guayama Municipio, Puerto Rico",0025020,"Guayama, PR"
2020,72065,"Hatillo Municipio, Puerto Rico",0011640,"Arecibo, PR"
2020,72109,"Patillas Municipio, Puerto Rico",0025020,"Guayama, PR"
2020,72115,"Quebradillas Municipio, Puerto Rico",0011640,"Arecibo, PR"
2021,01055,"Etowah County, Alabama",0023460,"Gadsden, AL"
2021,05025,"Cleveland County, Arkansas",0038220,"Pine Bluff, AR"
2021,05069,"Jefferson County, Arkansas",0038220,"Pine Bluff, AR"
2021,05079,"Lincoln County, Arkansas",0038220,"Pine Bluff, AR"
2021,12017,"Citrus County, Florida",0026140,"Homosassa Springs, FL"
2021,13179,"Liberty County, Georgia",0025980,"Hinesville, GA"
2021,13183,"Long County, Georgia",0025980,"Hinesville, GA"
2021,17183,"Vermilion County, Illinois",0019180,"Danville, IL"
2021,72015,"Arroyo Municipio, Puerto Rico",0025020,"Guayama, PR"
2021,72057,"Guayama Municipio, Puerto Rico",0025020,"Guayama, PR"
2021,72067,"Hormigueros Municipio, Puerto Rico",0032420,"Mayaguez, PR"
2021,72097,"Mayagüez Municipio, Puerto Rico",0032420,"Mayaguez, PR"
2021,72109,"Patillas Municipio, Puerto Rico",0025020,"Guayama, PR"
2022,01055,"Etowah County, Alabama",0023460,"Gadsden, AL"
2022,04027,"Yuma County, Arizona",0049740,"Yuma, AZ"
2022,05025,"Cleveland County, Arkansas",0038220,"Pine Bluff, AR"
2022,05069,"Jefferson County, Arkansas",0038220,"Pine Bluff, AR"
2022,05079,"Lincoln County, Arkansas",0038220,"Pine Bluff, AR"
2022,06039,"Madera County, California",0031460,"Madera, CA"
2022,12017,"Citrus County, Florida",0026140,"Homosassa Springs, FL"
2022,18005,"Bartholomew County, Indiana",0018020,"Columbus, IN"
2022,53035,"Kitsap County, Washington",0014740,"Bremerton-Silverdale, WA"
2022,55039,"Fond du Lac County, Wisconsin",0022540,"Fond du Lac, WI"
2022,55105,"Rock County, Wisconsin",0027500,"Janesville-Beloit, WI"
2022,72013,"Arecibo Municipio, Puerto Rico",0011640,"Arecibo, PR"
2022,72015,"Arroyo Municipio, Puerto Rico",0025020,"Guayama, PR"
2022,72027,"Camuy Municipio, Puerto Rico",0011640,"Arecibo, PR"
2022,72057,"Guayama Municipio, Puerto Rico",0025020,"Guayama, PR"
2022,72065,"Hatillo Municipio, Puerto Rico",0011640,"Arecibo, PR"
2022,72067,"Hormigueros Municipio, Puerto Rico",0032420,"Mayaguez, PR"
2022,72097,"Mayagüez Municipio, Puerto Rico",0032420,"Mayaguez, PR"
2022,72109,"Patillas Municipio, Puerto Rico",0025020,"Guayama, PR"
2022,72115,"Quebradillas Municipio, Puerto Rico",0011640,"Arecibo, PR"
